"slug","category","title","description","url"
"should-you-tap-retirement-savings-to-fund-college","retirement","Should You Tap Retirement Savings to Fund College?","There are three things to consider before dipping into retirement savings to pay for college.","https://fast.wistia.net/embed/iframe/t1pl1j5sn1"
"social-security-by-the-numbers","retirement","Social Security: By the Numbers","Here are five facts about Social Security that might surprise you.","https://fast.wistia.net/embed/iframe/a0a8699fcb"
"retirement-accounts-when-you-change-your-job","retirement","Retirement Accounts When You Change Your Job","This video explores what to do with retirement accounts when you move on from your job.","https://fast.wistia.net/embed/iframe/04ep70mgut"
"18-years-worth-of-days","retirement","18 Years Worth of Days","The average retirement lasts for 18 years. What will you do with your days?","https://fast.wistia.net/embed/iframe/wgm6t9mlkp"
"preparation-is-the-key-to-retirement","retirement","Preparation is the Key to Retirement","The simplest ideas can sometimes make a massive difference over time. Enjoy this brief video to learn more.","https://fast.wistia.net/embed/iframe/4lruj2a20e"
"timing-your-retirement","retirement","Timing Your Retirement","This short video illustrates the importance of understanding sequence of returns risk.","https://fast.wistia.net/embed/iframe/h2yyhc93pw"
"what-you-need-to-know-about-social-security","retirement","What You Need to Know About Social Security","Every so often, you'll hear about Social Security benefits running out. But is there truth to the fears, or is it all hype?","https://fast.wistia.net/embed/iframe/wr5pplen7b"
"retirement-plan-detectives","retirement","Retirement Plan Detectives","Watch this fun video for tips on how to search for missing money.","https://fast.wistia.net/embed/iframe/l20ybw6pqx"
"retirement-and-quality-of-life","retirement","Retirement and Quality of Life","Asking the right questions about how you can save money for retirement without sacrificing your quality of life.","https://fast.wistia.net/embed/iframe/uqz0rppoob"
"dreaming-up-an-active-retirement","retirement","Dreaming Up an Active Retirement","When you retire, how will you treat your next chapter?","https://fast.wistia.net/embed/iframe/afc8cysfzi"
"encore-careers-push-your-boundaries","retirement","Encore Careers: Push Your Boundaries","Ready for retirement? Find out why many are considering encore careers and push your boundaries into something more, here.","https://fast.wistia.net/embed/iframe/5wuxm0sjod"
"the-long-run-women-and-retirement","retirement","The Long Run: Women and Retirement","For women, retirement strategy is a long race. It's helpful to know the route.","https://fast.wistia.net/embed/iframe/g1r1eq059s"
"re-retirement","retirement","RE: Retirement","How does your ideal retirement differ from reality, and what can we do to better align the two?","https://fast.wistia.net/embed/iframe/t70iven1qa"
"tuning-your-social-security-benefit","retirement","Tuning Your Social Security Benefit","When should you take your Social Security benefit?","https://fast.wistia.net/embed/iframe/nt1k6q7kcw"
"retirement-redefined","retirement","Retirement Redefined","Around the country, attitudes about retirement are shifting.","https://fast.wistia.net/embed/iframe/r1bfbui2y6"
"a-fruitful-retirement-social-security-benefit","retirement","A Fruitful Retirement: Social Security Benefit","Taking your Social Security benefits at the right time may help maximize your benefit.","https://fast.wistia.net/embed/iframe/2y8w5nj7cs"
"how-to-retire-early","retirement","How to Retire Early","Retiring early sounds like a dream come true, but it's important to take a look at the cold, hard facts.","https://fast.wistia.net/embed/iframe/yr67nw85cs"
"a-bucket-plan-to-go-with-your-bucket-list","retirement","A Bucket Plan to Go with Your Bucket List","A bucket plan can help you be better prepared for a comfortable retirement.","https://fast.wistia.net/embed/iframe/3rb4tugk4z"
"retiring-the-4-percent-rule","retirement","Retiring the 4% Rule","A portfolio created with your long-term objectives in mind is crucial as you pursue your dream retirement.","https://fast.wistia.net/embed/iframe/xyurs11acj"
"what-can-a-million-dollars-buy-you","retirement","What Can a Million Dollars Buy You?","$1 million in a diversified portfolio could help finance part of your retirement.","https://fast.wistia.net/embed/iframe/ygo1k3bmhc"
"rightsizing-for-retirement","retirement","Rightsizing for Retirement","What does your home really cost?","https://fast.wistia.net/embed/iframe/e92575888d"
"perception-vs-reality","retirement","Perception vs. Reality","There's an alarming difference between perception and reality for current and future retirees.","https://fast.wistia.net/embed/iframe/e36b7048aa"
"behavioral-finance","investment","Behavioral Finance","An amusing and whimsical look at behavioral finance best practices for investors.","https://fast.wistia.net/embed/iframe/r8ony021gy"
"bull-and-bear-go-to-market","investment","Bull and Bear Go To Market","Learn about the difference between bulls and bears—markets, that is!","https://fast.wistia.net/embed/iframe/cemjqjqqwr"
"risk-tolerance-whats-your-style","investment","Risk Tolerance: What's Your Style?","Learn about what risk tolerance really means in this helpful and insightful video.","https://fast.wistia.net/embed/iframe/2puou8lii7"
"it-was-the-best-of-times-it-was-the-worst-of-times","investment","It Was the Best of Times, It Was the Worst of Times","All about how missing the best market days (or the worst!) might affect your portfolio.","https://fast.wistia.net/embed/iframe/29zhv80w3z"
"the-cost-of-procrastination","investment","The Cost of Procrastination","Procrastination can be costly. When you get a late start, it may be difficult to make up for lost time.","https://fast.wistia.net/embed/iframe/82a629e308"
"forecast","investment","Forecast","This short video helps explain why markets can be as unpredictable as the weather.","https://fast.wistia.net/embed/iframe/4xlv2b8m1x"
"investments","investment","Investments","You've made investments your whole life. Work with us to help make the most of them.","https://fast.wistia.net/embed/iframe/z0x64zkwju"
"from-boats-to-brokers","investment","From Boats to Brokers","From the Dutch East India Company to Wall St., the stock market has a long and storied history.","https://fast.wistia.net/embed/iframe/xpr09hljl1"
"jane-bond-scaling-the-ladder","investment","Jane Bond: Scaling the Ladder","Agent Jane Bond is on the case, uncovering the mystery of bond laddering.","https://fast.wistia.net/embed/iframe/1t2nj1yoxr"
"jane-bond-infiltrating-the-market","investment","Jane Bond: Infiltrating the Market","Agent Jane Bond is on the case, cracking the code on bonds.","https://fast.wistia.net/embed/iframe/0nip4xmjjy"
"the-fed-and-how-it-got-that-way","investment","The Fed and How It Got That Way","Here is a quick history of the Federal Reserve and an overview of what it does.","https://fast.wistia.net/embed/iframe/bp4fky90r9"
"bursting-the-bubble","investment","Bursting the Bubble","Tulips were the first, but they won't be the last. What forms a ""bubble"" and what causes them to burst?","https://fast.wistia.net/embed/iframe/ubqprndngj"
"inflation-and-your-portfolio","investment","Inflation and Your Portfolio","Even low inflation rates can pose a threat to investment returns.","https://fast.wistia.net/embed/iframe/hj0ott9b25"
"the-junk-drawer-approach-to-investing","investment","The Junk Drawer Approach to Investing","It's easy to let investments accumulate like old receipts in a junk drawer.","https://fast.wistia.net/embed/iframe/knbcqk7ou1"
"global-and-international-funds","investment","Global and International Funds","Investors seeking world investments can choose between global and international funds. What's the difference?","https://fast.wistia.net/embed/iframe/r080m1152f"
"are-alternative-investments-right-for-you","investment","Are Alternative Investments Right for You?","With alternative investments, it's critical to sort through the complexity.","https://fast.wistia.net/embed/iframe/hfphbxnch2"
"the-business-cycle","investment","The Business Cycle","How will you weather the ups and downs of the business cycle?","https://fast.wistia.net/embed/iframe/zgicvscvdg"
"the-rule-of-72","investment","The Rule of 72","Do you know how long it may take for your investments to double in value? The Rule of 72 is a quick way to figure it out.","https://fast.wistia.net/embed/iframe/x98i3iqfxz"
"what-smart-investors-know","investment","What Smart Investors Know","Savvy investors take the time to separate emotion from fact.","https://fast.wistia.net/embed/iframe/bwh66qs8am"
"the-power-of-compound-interest","investment","The Power of Compound Interest","Learn how to harness the power of compound interest for your investments.","https://fast.wistia.net/embed/iframe/10qq1z99o9"
"should-you-invest-in-exchange-traded-funds","investment","Should You Invest in Exchange Traded Funds?","There are thousands of ETFs available. Should you invest in them?","https://fast.wistia.net/embed/iframe/23k7458fuq"
"where-is-the-market-headed","investment","Where Is the Market Headed?","We all know the stock market can be unpredictable. We all want to know, ""What's next for the financial markets?""","https://fast.wistia.net/embed/iframe/9ax8r1ijje"
"the-cycle-of-investing","investment","The Cycle of Investing","Understanding the cycle of investing may help you avoid easy pitfalls.","https://fast.wistia.net/embed/iframe/41c9d3d6a0"
"leaving-your-lasting-legacy","estate","Leaving Your Lasting Legacy","Want to do more with your wealth? You might want to consider creating a charitable foundation.","https://fast.wistia.net/embed/iframe/qc0hg4zjgt"
"4-elements-of-an-estate-strategy","estate","4 Elements of an Estate Strategy","Learn about the importance of having an estate strategy in this helpful and informative video.","https://fast.wistia.net/embed/iframe/kfc4d1mtz1"
"when-special-care-is-needed-the-special-needs-trust","estate","When Special Care Is Needed: The Special Needs Trust","A special needs trust helps care for a special needs child when you're gone.","https://fast.wistia.net/embed/iframe/6m1nry4n67"
"safeguard-your-digital-estate","estate","Safeguard Your Digital Estate","If you died, what would happen to your email archives, social profiles and online accounts?","https://fast.wistia.net/embed/iframe/d5aha6bvy9"
"when-do-you-need-a-will","estate","When Do You Need a Will?","When do you need a will? The answer is easy: Right Now.","https://fast.wistia.net/embed/iframe/zgmke2aglb"
"charitable-giving-smart-from-the-heart","estate","Charitable Giving: Smart from the Heart","Do you have causes that you want to support with donations?","https://fast.wistia.net/embed/iframe/1qn6t0e6rs"
"estate-management-101","estate","Estate Management 101","A will may be only one of the documents you need—and one factor to consider—when it comes to managing your estate.","https://fast.wistia.net/embed/iframe/xoxa415k40"
"exit-strategies-of-the-rich-and-famous","estate","Exit Strategies of the Rich and Famous","Estate conservation is too important to put off. Do you have a smart exit strategy?","https://fast.wistia.net/embed/iframe/0e47c09940"
"dog-bites-and-homeowners-insurance","insurance","Dog Bites and Homeowners Insurance","Reviewing coverage options is just one thing responsible pet parents can do to help look out for their dogs.","https://fast.wistia.net/embed/iframe/t686luxuvn"
"the-wild-west-of-data-theft","insurance","The Wild West of Data Theft","Learn about cyber liability insurance in this entertaining video.","https://fast.wistia.net/embed/iframe/0f046f2dnk"
"stay-safe-with-a-business-owners-policy","insurance","Stay Safe with a Business Owner's Policy","Learn the advantages of Business Owner's Policies with this highly educational and fun animated video.","https://fast.wistia.net/embed/iframe/3gwgoap02s"
"extended-care-a-patchwork-of-possibilities","insurance","Extended Care: A Patchwork of Possibilities","What is your plan for health care during retirement?","https://fast.wistia.net/embed/iframe/k7ropk7ntw"
"an-arm-and-a-leg","insurance","An Arm and a Leg","A visit to the hospital can be painful, for both your body and your wallet. Don't let it be more painful than it has to be.","https://fast.wistia.net/embed/iframe/y6zjyd01c2"
"your-dna-test","insurance","Your DNA Test","A Detailed Needs Analysis (DNA) can be a simple way to care for loved ones, no matter what the future may hold.","https://fast.wistia.net/embed/iframe/llwtc30suk"
"how-to-bake-a-pie-r-a","tax","How to Bake a Pie-R-A","Roth IRAs are tax-advantaged differently from traditional IRAs. Do you know how?","https://fast.wistia.net/embed/iframe/ghdajxltfs"
"making-your-tax-bracket-work","tax","Making Your Tax Bracket Work","Have you explored all your options when it comes to managing your taxable income?","https://fast.wistia.net/embed/iframe/674ecfb4ba"
"the-facts-about-income-tax","tax","The Facts About Income Tax","Millions faithfully file their 1040 forms each April. But some things about federal income taxes may surprise you.","https://fast.wistia.net/embed/iframe/3b1aff4f53"
"the-power-of-tax-deferred-growth","tax","The Power of Tax-Deferred Growth","Why are 401(k) plans, annuities, and IRAs so popular?","https://fast.wistia.net/embed/iframe/78119b73d0"
"consider-these-3-things-before-driving-off-the-lot","lifestyle","Consider These 3 Things Before Driving Off the Lot","Here are 3 quick tips to keep in mind when buying or leasing your next vehicle.","https://fast.wistia.net/embed/iframe/oya9eo92gc"
"how-cash-apps-work","lifestyle","How Cash Apps Work","Peer-to-peer payment apps are one of the newest ways to send money.","https://fast.wistia.net/embed/iframe/6o2y61gida"
"top-5-things-to-tell-your-financial-pro","lifestyle","Top 5 Things to Tell Your Financial Pro","Here are the top 5 things your team may want to hear.","https://fast.wistia.net/embed/iframe/jpw45bg46s"
"working-with-a-financial-professional","lifestyle","Working With A Financial Professional","A financial professional is an invaluable resource to help you untangle the complexities of whatever life throws at you.","https://fast.wistia.net/embed/iframe/7o1v27uo37"
"finding-the-balance","lifestyle","Finding the Balance","The sandwich generation faces unique challenges. For many, meeting needs is a matter of finding a balance.","https://fast.wistia.net/embed/iframe/j2k394hkha"
"once-upon-a-goal","lifestyle","Once Upon a Goal","Do you know how to set up your financial goals for success? This knight does.","https://fast.wistia.net/embed/iframe/v7u9bhz885"
"a-new-way-to-look-at-your-bucket-list","lifestyle","A New Way to Look at Your Bucket List","Bucket lists don't have to be for tomorrow.","https://fast.wistia.net/embed/iframe/wla5fvjawv"
"surprise-youve-got-money","lifestyle","Surprise! You've Got Money!","Here's a quick guide to checking to see if you have unclaimed money.","https://fast.wistia.net/embed/iframe/veb1dbie7n"
"bridging-the-confidence-gap","lifestyle","Bridging the Confidence Gap","In the world of finance, the effects of the ""confidence gap"" can be especially apparent.","https://fast.wistia.net/embed/iframe/wyn1agf1iv"
"saving-for-college-101-video","lifestyle","Saving for College 101","Here's a crash course on saving for college.","https://fast.wistia.net/embed/iframe/gvv1holn9k"
"the-latte-lie-and-other-myths","lifestyle","The Latte Lie and Other Myths","Check out this video to begin separating fact from fiction.","https://fast.wistia.net/embed/iframe/sz196culsp"
"it-may-be-time-for-a-financial-checkup","lifestyle","It May Be Time for a Financial Checkup","It's never a bad time to speak with your financial professional about changes in your situation.","https://fast.wistia.net/embed/iframe/9qh411q1dl"
"acres-of-diamonds","lifestyle","Acres of Diamonds","In life it often happens that the answers to our most pressing questions are right in our own backyards.","https://fast.wistia.net/embed/iframe/w1wx6dfq80"
"surprises","lifestyle","Surprises","Making the most of surprises is a great reason to work with us.","https://fast.wistia.net/embed/iframe/nxxgu2izrv"
"coaches","lifestyle","Coaches","Coaches have helped you your whole life, in ways big and small. We'd like to be one of them.","https://fast.wistia.net/embed/iframe/a8lqthtqgh"
"keeping-up-with-the-joneses-video","lifestyle","Keeping Up with the Joneses","Lifestyle inflation can be the enemy of wealth building. What could happen if you invested instead of buying more stuff?","https://fast.wistia.net/embed/iframe/xzybj5zrpk"
"the-real-cost-of-a-vacation-home","lifestyle","The Real Cost of a Vacation Home","What if instead of buying that vacation home, you invested the money?","https://fast.wistia.net/embed/iframe/oteym6jko1"
"what-to-do-when-you-lose-your-wallet","lifestyle","What to Do When You Lose Your Wallet","Ever lost your wallet? Frustrating. Here's what you can do to keep yourself safe.","https://fast.wistia.net/embed/iframe/c21mcul9hk"
"suddenly-single-3-steps-to-take-now","lifestyle","Suddenly Single: 3 Steps to Take Now","Have you found yourself suddenly single? Here are 3 steps to take right now.","https://fast.wistia.net/embed/iframe/6iz4xd352o"
"the-richest-man-in-babylon","lifestyle","The Richest Man in Babylon","In good times and bad, consistently saving a percentage of your income is a sound financial practice.","https://fast.wistia.net/embed/iframe/peg4ig95r1"
"to-buy-or-not-to-buy","lifestyle","To Buy or Not to Buy","The decision whether to buy or rent a home may have long-term implications.","https://fast.wistia.net/embed/iframe/283bfead12"
"choosing-a-mortgage","lifestyle","Choosing a Mortgage","Selecting a mortgage isn't an easy process. Get a better understanding of how professionals make the right decisions.","https://fast.wistia.net/embed/iframe/efa0e6e7d4"
